title,author,genre,day,total_likes,status,scrape_date
Marry My Husband,sungsojak / LICO,Romance,Monday,2300000,ongoing,2023-01-09
Cursed Princess Club,LambCat,Comedy,Monday,19600000,ongoing,2023-01-09
I’m the Queen in This Life,Themis / Omin,Fantasy,Monday,667529,ongoing,2023-01-09
Nice To Meet You,Wishroomness,Romance,Monday,9100000,ongoing,2023-01-09
Everything is Fine,Mike Birchall,Horror,Monday,5400000,hiatus,2023-01-09
Blood Reverie,lifelight,Romance,Monday,1400000,ongoing,2023-01-09
To The Stars and Back,Peglo,Slice of life,Monday,3800000,ongoing,2023-01-09
My Giant Nerd Boyfriend,fishball,Slice of life,Monday,62800000,hiatus,2023-01-09
The Lazy Lord Masters the Sword,Dodomoon / doip,Fantasy,Monday,1900000,ongoing,2023-01-09
Dungeons & Artifacts,Zerowater / UMKY,Action,Monday,3000000,ongoing,2023-01-09
To You Who Swallowed a Star,ARI,Romance,Monday,4000000,ongoing,2023-01-09
To Tame a Fire,hilluhri,Supernatural,Monday,550511,ongoing,2023-01-09
The Doctors are Out,Blau,Romance,Monday,5800000,ongoing,2023-01-09
Dear Nemesis,Velma / ohsso,Drama,Monday,644680,ongoing,2023-01-09
Rooftops & Roommates,Zaanart,Comedy,Monday,4800000,ongoing,2023-01-09
Fictional Skin,Kris Nguyen,Drama,Monday,606110,ongoing,2023-01-09
Wind Breaker,Yongseok Jo,Sports,Monday,18800000,ongoing,2023-01-09
The Duke's Cursed Charm,Goyogom / Sohwagi,Romance,Monday,1000000,ongoing,2023-01-09
Safely Endangered,Chris McCoy,Comedy,Monday,23500000,ongoing,2023-01-09
Mystic Prince,aheuredal,Drama,Monday,376150,ongoing,2023-01-09
Red Hood: Outlaws,Patrick R. Young / Nico Bascuñan,Action,Monday,399590,ongoing,2023-01-09
The Distance Between Us,YUJU,Romance,Monday,102339,ongoing,2023-01-09
Ingrid the Plague Doctor,Harry Amoros,Slice of life,Monday,544644,ongoing,2023-01-09
The Breaker: Eternal Force,GEUKJIN JEON / JINHWAN PARK,Action,Monday,306394,ongoing,2023-01-09
Finding Fiends,LizardxLizard,Comedy,Monday,1200000,hiatus,2023-01-09
Karsearin: Adventures of a Red Dragon,YKB / wm,Fantasy,Monday,325431,ongoing,2023-01-09
Code Adam,Atterozen,Action,Monday,4000000,ongoing,2023-01-09
Heir's Game,suspu,Drama,Monday,4800000,ongoing,2023-01-09
Hectopascal,buffering / gil seonggeun,Action,Monday,29148,ongoing,2023-01-09
Flawed Almighty,Carnby Kim / RH Song,Supernatural,Monday,1300000,ongoing,2023-01-09
Daily JoJo,Donggeon Lee,Romance,Monday,1400000,ongoing,2023-01-09
The Empress’ Lipstick,Park-myoung woon / Coffeebean,Fantasy,Monday,95637,ongoing,2023-01-09
21st Century Knights,Plastic Bottru,Fantasy,Monday,717152,ongoing,2023-01-09
Lovely Hell,Titasupp,Fantasy,Monday,575404,ongoing,2023-01-09
Reality Quest,Joowoon Lee / Taesung,Action,Monday,245602,ongoing,2023-01-09
The Build Up,911,Sports,Monday,1300000,ongoing,2023-01-09
Midnight Rain,Pani,Drama,Monday,1800000,ongoing,2023-01-09
Time and Time Again,Deo I.,Supernatural,Monday,292804,ongoing,2023-01-09
Aza,usaesae,Fantasy,Monday,600791,ongoing,2023-01-09
Loaf App,Yugyeong / Gulrim,Drama,Monday,165565,ongoing,2023-01-09
Here There Be Dragons,Disteal / Steve Horton,Fantasy,Monday,410124,ongoing,2023-01-09
Psychic Studies,PARK EUN HYUK,Action,Monday,318321,ongoing,2023-01-09
Super Awkward Man,Pixzzo / Afra,Comedy,Monday,256705,ongoing,2023-01-09
Counting Sheep,A.Rasen,Horror,Monday,190433,ongoing,2023-01-09
Fray,GO100,Action,Monday,198228,ongoing,2023-01-09
Opposite of Always,justin a. reynolds / Sharpteething,Romance,Monday,268789,ongoing,2023-01-09
THE STAR SEEKERS,HYBE,Fantasy,Monday,840147,ongoing,2023-01-09
Plum,samkimart,Sports,Monday,935988,hiatus,2023-01-09
Legends of Silica,Brian Edward Miller,Fantasy,Monday,98398,hiatus,2023-01-09
Kidults,Hahim,Slice of life,Monday,586162,ongoing,2023-01-09
The Fabled Warrior,Gosha / Solem,Fantasy,Monday,534753,ongoing,2023-01-09
Of What Remains,Sillvi Studios,Thriller,Monday,185792,ongoing,2023-01-09
Spring Once Again,2Hing,Drama,Monday,110713,ongoing,2023-01-09
Harmonia,JINU / YOON,Sci-fi,Monday,213610,ongoing,2023-01-09
No Outtakes,Go Sunyoung,Romance,Monday,770299,ongoing,2023-01-09
Gecko Chan,Meritxell Garcia,Comedy,Monday,515105,ongoing,2023-01-09
Kubera,Currygom,Fantasy,Monday,3900000,ongoing,2023-01-09
Discovering Love: A Harlequin Romance Collection,Various Artists,Romance,Monday,154673,ongoing,2023-01-09
Trump,Chaeeun Lee,Fantasy,Monday,1800000,ongoing,2023-01-09
Dr. Hound,Aruani / Laym,Thriller,Monday,274150,ongoing,2023-01-09
WEBTOON Now,Wyatt the Cat / LOZOLZ,Informative,Monday,2200000,ongoing,2023-01-09
Mage Again,Myoung rang / Sulmo,Fantasy,Monday,402542,hiatus,2023-01-09
Tower of God,SIU,Fantasy,Monday,53100000,hiatus,2023-01-09
SubZero,Junepurrr,Romance,Monday,22600000,hiatus,2023-01-09
Morgana and Oz,Miyuli,Fantasy,Monday,4400000,hiatus,2023-01-09
The Eagle and the Snake,Angel Tovar,Action,Monday,328914,hiatus,2023-01-09
Your Smile is a Trap,AENGO,Romance,Monday,7200000,hiatus,2023-01-09
Tricked into Becoming the Heroine's Stepmother,HARIHEEN / MOKGAMGI,Fantasy,Monday,4900000,hiatus,2023-01-09
EMPYREA,OHKATES,Fantasy,Monday,2900000,hiatus,2023-01-09
Down To Earth,Pookie Senpai,Romance,Tuesday,16600000,ongoing,2023-01-09
Homesick,Ms. Freaky,Thriller,Tuesday,5200000,ongoing,2023-01-09
Eleceed,Jeho Son / ZHENA,Action,Tuesday,20000000,ongoing,2023-01-09
The Advanced Player of the Tutorial Tower,Bangguseok Gimssi / Omagam,Action,Tuesday,8300000,ongoing,2023-01-09
The Last Bloodline,weyowang / WmW,Supernatural,Tuesday,153732,ongoing,2023-01-09
Villain to Kill,Fupin / Eunji,Action,Tuesday,4200000,ongoing,2023-01-09
Love Me to Death,Toonimated,Fantasy,Tuesday,1200000,ongoing,2023-01-09
Vampire Husband,Scragony,Slice of life,Tuesday,639322,ongoing,2023-01-09
Odd Girl Out,Morangji,Drama,Tuesday,20000000,hiatus,2023-01-09
Purple Hyacinth,Ephemerys / Sophism,Mystery,Tuesday,14400000,ongoing,2023-01-09
1HP Club,elfboi,Fantasy,Tuesday,4300000,ongoing,2023-01-09
Hero Killer,Kkulbeol / Beolkkul,Action,Tuesday,4000000,ongoing,2023-01-09
Regina Rena: To the Unforgiven,NANA / Seol Dong-Won,Fantasy,Tuesday,1600000,hiatus,2023-01-09
Match Made in Hell,keitalia,Romance,Tuesday,1000000,ongoing,2023-01-09
Daytime Star,Chaeun / Godago,Drama,Tuesday,1400000,ongoing,2023-01-09
My Reason to Die,YUJU,Romance,Tuesday,1100000,ongoing,2023-01-09
Seasons of Blossom,HONGDUCK / NEMONE,Romance,Tuesday,7200000,ongoing,2023-01-09
The Lone Spellcaster,Minchoba / Chungcho,Fantasy,Tuesday,1300000,ongoing,2023-01-09
Adventures of God,Teo / Corey,Comedy,Tuesday,29100000,ongoing,2023-01-09
Secretary Out-of-Order,QuornQuorn / Parand,Romance,Tuesday,2100000,ongoing,2023-01-09
Viral Hit,Taejun Pak / Kim Junghyun,Action,Tuesday,6400000,ongoing,2023-01-09
Honey Lemon,courtneywirthit,Romance,Tuesday,197997,ongoing,2023-01-09
DARK MOON: THE GREY CITY,HYBE,Fantasy,Tuesday,70179,ongoing,2023-01-09
Philia Rosé: The Prophecy of the Crown of Thorns,Ryuta / YUMI,Fantasy,Tuesday,688718,ongoing,2023-01-09
My Younger Brother's Friend,Nimni,Romance,Tuesday,1900000,ongoing,2023-01-09
To Not Die,Parae / Jinguk Lim,Drama,Tuesday,649327,ongoing,2023-01-09
Watermelon,Rorita,Fantasy,Tuesday,6200000,ongoing,2023-01-09
Charming the Duke of the North,Stardustvia / gachunga,Fantasy,Tuesday,809330,ongoing,2023-01-09
Stagtown,Punko,Horror,Tuesday,2300000,ongoing,2023-01-09
Surviving as a Fish,DONG9,Fantasy,Tuesday,292154,ongoing,2023-01-09
Soul Gear,Tovon,Action,Tuesday,27558,ongoing,2023-01-09
Live with Yourself!,Shen / David J Catman,Comedy,Tuesday,12400000,ongoing,2023-01-09
Annie Green Hates Girls,Minorinmakes,Romance,Tuesday,214991,ongoing,2023-01-09
Zatanna & the Ripper,Sarah Dealy / Syro,Fantasy,Tuesday,383381,ongoing,2023-01-09
Cierra,Rana / Moona,Romance,Tuesday,871075,ongoing,2023-01-09
Flawless,Shinshinhye,Romance,Tuesday,1200000,ongoing,2023-01-09
Never-Ending Darling,Woollee,Thriller,Tuesday,494911,ongoing,2023-01-09
Smity and Majesty,Nekucciola,Comedy,Tuesday,1200000,ongoing,2023-01-09
Mistake,Cindy Chwa / Honeytoast,Drama,Tuesday,327496,ongoing,2023-01-09
Amid the Changing Seasons,RYO. / YABOMI,Romance,Tuesday,32074,ongoing,2023-01-09
The Tax Reaper,WintersleepTurtle / Elgar,Drama,Tuesday,535648,ongoing,2023-01-09
Seven Years Later,Tirapuw / hievasp,Drama,Tuesday,393533,ongoing,2023-01-09
My Roommate is a Gumiho,NA,Romance,Tuesday,2200000,ongoing,2023-01-09
Who's Mr. President?,S.M.S / KING Productions,Drama,Tuesday,399828,ongoing,2023-01-09
Da Yomanville Gang,Jason King,Drama,Tuesday,2100000,hiatus,2023-01-09
Teenage Dragon,Peanut,Comedy,Tuesday,238574,ongoing,2023-01-09
Exchange Student,ultrafrog,Drama,Tuesday,174423,ongoing,2023-01-09
Cat Got Your Tongue,Teo / Corey,Comedy,Tuesday,199769,hiatus,2023-01-09
REAWAKENED MAN,Yongtaek Chae / Jaehan Kim,Action,Tuesday,637433,ongoing,2023-01-09
The Dog Diaries,yee seon,Slice of life,Tuesday,547647,ongoing,2023-01-09
Taekwondo Kid,JUN,Sports,Tuesday,323707,ongoing,2023-01-09
Lavender Jack,Dan Schkade,Superhero,Tuesday,715948,ongoing,2023-01-09
Neolithic Girl,JAEAH / GARAM HAN,Fantasy,Tuesday,877846,ongoing,2023-01-09
Nonesuch,The Bitsy Artist,Mystery,Tuesday,119766,ongoing,2023-01-09
Zero Game,zelbasen,Fantasy,Tuesday,2700000,ongoing,2023-01-09
Re-Possessed,Yishan Li / Trevor Mueller,Action,Tuesday,74860,ongoing,2023-01-09
BlackSmith,Boredman,Supernatural,Tuesday,273963,ongoing,2023-01-09
Dragon Savior,Han SeRam / Tom,Fantasy,Tuesday,18523,ongoing,2023-01-09
It Was All You,I SOON KI / OH5HO,Sci-fi,Tuesday,1100000,ongoing,2023-01-09
Betwixt,Harihtaroon,Mystery,Tuesday,164087,hiatus,2023-01-09
Cydonia Shattering,Tony Karnowski / Cocoon Production,Fantasy,Tuesday,165848,ongoing,2023-01-09
Romance Punch,Galang Larope,Comedy,Tuesday,92985,ongoing,2023-01-09
From Morning to Night,JiEun Son,Fantasy,Tuesday,242421,ongoing,2023-01-09
Divine Circumstances,Yusoo / Jeong Aro,Romance,Tuesday,183547,ongoing,2023-01-09
Blue,kennsaty,Drama,Tuesday,179536,ongoing,2023-01-09
Machine Uprising,Hongjacga / Tae-yul Park,Sci-fi,Tuesday,64360,ongoing,2023-01-09
GANDA: Night Defender,Nikki Dibya Wardhana / Linka08,Action,Tuesday,52013,ongoing,2023-01-09
Boyfriends.,refrainbow,Slice of life,Tuesday,21100000,hiatus,2023-01-09
Little Matcha Girl,mame ´･ω･`,Fantasy,Tuesday,2000000,hiatus,2023-01-09
Winter Moon,Merryweather / MAYUI,Fantasy,Tuesday,35400000,hiatus,2023-01-09
Luggage,zealforart,Fantasy,Tuesday,292579,hiatus,2023-01-09
Let's Play,Leeanne M. Krecic (Mongie),Romance,Tuesday,40900000,hiatus,2023-01-09
Sable Curse,Little Melon,Fantasy,Tuesday,310818,ongoing,2023-01-09
Acception,Colourbee,Drama,Tuesday,13400000,hiatus,2023-01-09
Boyfriend of the Dead,Ushio,Comedy,Tuesday,29200000,hiatus,2023-01-09
Royale,Emmett Hobbes / Hank Jones,Mystery,Tuesday,58514,hiatus,2023-01-09
Nothing Special,Katie Cook,Fantasy,Tuesday,3000000,hiatus,2023-01-09
Her Mannequin,ST,Romance,Tuesday,530450,hiatus,2023-01-09
Not So Shoujo Love Story,Curryuku,Comedy,Tuesday,4400000,hiatus,2023-01-09
True Beauty,Yaongyi,Romance,Wednesday,51800000,ongoing,2023-01-09
Teenage Mercenary,YC / Rakyeon,Action,Wednesday,7500000,ongoing,2023-01-09
Daybreak,Moosopp,Slice of life,Wednesday,2100000,ongoing,2023-01-09
Omniscient Reader,singNsong / UMI,Action,Wednesday,18700000,ongoing,2023-01-09
Marionetta,Míriam Bonastre Tur,Fantasy,Wednesday,144843,ongoing,2023-01-09
Night Owls & Summer Skies,Rebecca Sullivan / TIKKLIL,Romance,Wednesday,830850,ongoing,2023-01-09
The Dungeon Cleaning Life of a Once Genius Hunter,Dalbeat / GoilGoil,Action,Wednesday,410234,ongoing,2023-01-09
Phase,Jouki,Romance,Wednesday,6100000,hiatus,2023-01-09
My Giant Nerd Boyfriend,fishball,Slice of life,Wednesday,62800000,hiatus,2023-01-09
Hand Jumper,SLEEPACROSS,Thriller,Wednesday,1200000,ongoing,2023-01-09
My S-Class Hunters,seri / biwan,Action,Wednesday,1000000,ongoing,2023-01-09
Spellward Bound,DuneDeca,Fantasy,Wednesday,70222,ongoing,2023-01-09
Return of the Mad Demon,JP / Ihy,Historical,Wednesday,1600000,ongoing,2023-01-09
Twilight Poem,Kim Suji / MIDNIGHT STUDIO,Fantasy,Wednesday,845564,ongoing,2023-01-09
Hyperfocus,Kip Trevor,Slice of life,Wednesday,2300000,hiatus,2023-01-09
Infinite Leveling: Murim,Jinwoo Kim / Gonbung,Action,Wednesday,1700000,ongoing,2023-01-09
Bluechair,Shen,Slice of life,Wednesday,43600000,ongoing,2023-01-09
Of Swamp & Sea,Mia Jay Boulton & Laurel Boulton,Supernatural,Wednesday,1000000,ongoing,2023-01-09
In the Bleak Midwinter;,Kat / Ali,Sci-fi,Wednesday,2900000,hiatus,2023-01-09
Realta,Rachel Eaton,Fantasy,Wednesday,408102,hiatus,2023-01-09
Everywhere & Nowhere,Merryweather / PeaCH,Comedy,Wednesday,11400000,hiatus,2023-01-09
A Chance At Last,Dindon / Seo hye eun,Romance,Wednesday,917981,ongoing,2023-01-09
Safely Endangered,Chris McCoy,Comedy,Wednesday,23500000,ongoing,2023-01-09
Going Up,Melissaboo,Romance,Wednesday,196097,ongoing,2023-01-09
Reincarnated as an Unruly Heir,Jeon madu / zaemu,Action,Wednesday,863285,ongoing,2023-01-09
X & Ash,Sehoon Kim / Kwangsu Lee,Action,Wednesday,378799,ongoing,2023-01-09
"Date First, Love Later",the gom (HAPPYBOOKSTOYOU) / jungmi,Romance,Wednesday,1500000,hiatus,2023-01-09
QUESTISM,TAEWAN / YuNuni,Fantasy,Wednesday,629732,ongoing,2023-01-09
The Fox Club,HJ. Hwang,Romance,Wednesday,640888,ongoing,2023-01-09
A Summer Night's Dream,Kim su bak / Kan,Romance,Wednesday,1400000,ongoing,2023-01-09
The Final Raid Boss,KIM JANGHUN / HA SEONGSHIN,Fantasy,Wednesday,490594,ongoing,2023-01-09
A Dance of Swords in the Night,JP / MinskySong,Action,Wednesday,167127,ongoing,2023-01-09
The Last Dimension,Leaglem,Sci-fi,Wednesday,498152,ongoing,2023-01-09
The Dummy's Dummy,Mochamura,Horror,Wednesday,680339,ongoing,2023-01-09
The Prenup,Flada / Siwon,Romance,Wednesday,607247,ongoing,2023-01-09
No Marriage is Perfect,Lee Dahong / Long.B,Romance,Wednesday,1400000,ongoing,2023-01-09
Warrior of the Wild,Jinglestan / Brian Koffler,Action,Wednesday,595807,ongoing,2023-01-09
Blue Matter,forgotuser,Fantasy,Wednesday,660781,ongoing,2023-01-09
Revenge Love,Tino,Romance,Wednesday,11996,ongoing,2023-01-09
Neon Revenge,Gisong / NemGa,Action,Wednesday,2000000,hiatus,2023-01-09
Housekeeper,Yongtaek Chae / Yuhyun,Sci-fi,Wednesday,371762,ongoing,2023-01-09
Jupiter-Men,Actionkiddy,Action,Wednesday,156820,ongoing,2023-01-09
Darbi,Sherard Jackson,Action,Wednesday,2600000,hiatus,2023-01-09
SOULWINDER,android_k05 / WmW,Thriller,Wednesday,251788,ongoing,2023-01-09
A DeadbEAT's Meal,CHEESE,Slice of life,Wednesday,361947,ongoing,2023-01-09
Keys,RyaiArt,Action,Wednesday,101157,hiatus,2023-01-09
SOLEIL,YenKin,Fantasy,Wednesday,1200000,ongoing,2023-01-09
Escape from Oz,Kelly Angel,Comedy,Wednesday,38740,ongoing,2023-01-09
Nina's Magic Chest,RD,Fantasy,Wednesday,236249,ongoing,2023-01-09
Fingers,jeongsik Park / Ssuljak,Thriller,Wednesday,62622,ongoing,2023-01-09
Spirit Hunter,Yoon Hyun-seung / Bang Seung-hyun,Supernatural,Wednesday,456494,ongoing,2023-01-09
Descended from Divinity,San Cheon / ZAINO,Fantasy,Wednesday,336417,ongoing,2023-01-09
Heavenly Roommates,MARO / kang jaegeon,Fantasy,Wednesday,688050,ongoing,2023-01-09
Nano Machine,Great H / GGBG,Action,Wednesday,441697,ongoing,2023-01-09
Land of the Crimson Moon,Park Shin / Shin Dong ku,Action,Wednesday,80153,ongoing,2023-01-09
Superstar Associate Manager,kyungwon Park / Do8,Drama,Wednesday,69555,ongoing,2023-01-09
Our House,Jinha / Jin Jong Kyung,Slice of life,Wednesday,251064,ongoing,2023-01-09
Write to Your Heart! ,vaguni,Drama,Wednesday,181636,ongoing,2023-01-09
Maya's World,Tupaikidal,Drama,Wednesday,292948,ongoing,2023-01-09
Witch's Workshop,Sohee Park,Drama,Wednesday,19764,ongoing,2023-01-09
Killer Bang: The First Kill,doyeon kim / jinho bang,Action,Wednesday,58460,ongoing,2023-01-09
"66,666 Years: Advent of the Dark Mage",PASA / TARU,Fantasy,Wednesday,1800000,hiatus,2023-01-09
The Prince of Southland,Chris Geroux,Romance,Wednesday,2300000,hiatus,2023-01-09
Archie Comics: Big Ethel Energy,Keryl Brown Ahmed / Siobhan,Drama,Wednesday,2300000,hiatus,2023-01-09
Rebirth,Michi,Sci-fi,Wednesday,9700000,hiatus,2023-01-09
School Bus Graveyard,Red,Thriller,Wednesday,3800000,hiatus,2023-01-09
Clinic of Horrors,Merryweather / PokuriMio,Supernatural,Wednesday,6400000,hiatus,2023-01-09
Of Dark Lords and Cabbages,Liyanya,Romance,Wednesday,1400000,hiatus,2023-01-09
Love Me Knot,Sophia,Romance,Wednesday,5600000,hiatus,2023-01-09
Lady Knight,Lion Illustration,Fantasy,Wednesday,1100000,hiatus,2023-01-09
Deadlove,Guy / Teo,Slice of life,Wednesday,320565,hiatus,2023-01-09
The Devil is a Handsome Man,Hellothisisangle,Drama,Wednesday,2400000,hiatus,2023-01-09
Backchannel,Stan Lee / Tom Akel / Andie Tong,Superhero,Wednesday,169243,hiatus,2023-01-09
unOrdinary,uru-chan,Superhero,Thursday,55500000,ongoing,2023-01-09
Mage & Demon Queen,Color_LES,Comedy,Thursday,22600000,ongoing,2023-01-09
High Class Homos,Momozerii,Comedy,Thursday,8000000,hiatus,2023-01-09
Batman: Wayne Family Adventures,StarBite / CRC Payne,Slice of life,Thursday,5800000,ongoing,2023-01-09
Leveling Up My Husband to the Max,Uginon / Nuova,Romance,Thursday,4500000,ongoing,2023-01-09
Serena,Ina,Drama,Thursday,115067,ongoing,2023-01-09
Act Like You Love Me!,XUANN,Romance,Thursday,6700000,ongoing,2023-01-09
Happily Ever Afterwards,Hwang DoTol / Jeongseo,Fantasy,Thursday,5200000,ongoing,2023-01-09
To The Stars and Back,Peglo,Slice of life,Thursday,3800000,ongoing,2023-01-09
Unlovable Replacement,Nylana,Romance,Thursday,7400000,ongoing,2023-01-09
Brass & Sass,antlerella,Romance,Thursday,8100000,ongoing,2023-01-09
The RUNWAY,Domi / Nokdu,Romance,Thursday,2500000,ongoing,2023-01-09
Weak Hero,SEOPASS / RAZEN,Action,Thursday,14400000,ongoing,2023-01-09
Mythic Item Obtained,Jung SeonYul / Hess,Fantasy,Thursday,441450,ongoing,2023-01-09
See You in My 19th Life,Lee Hey,Romance,Thursday,11000000,ongoing,2023-01-09
When Jasy Whistles,Cibeles,Fantasy,Thursday,2800000,ongoing,2023-01-09
Sisters at War,Maenggi Ki,Drama,Thursday,166893,ongoing,2023-01-09
The Witch and The Bull,Moonsia,Fantasy,Thursday,6600000,hiatus,2023-01-09
Surviving Romance,Lee Yone,Horror,Thursday,3800000,ongoing,2023-01-09
ZOMGAN,ongoo / dai,Action,Thursday,319385,ongoing,2023-01-09
My Dud to Stud Boyfriend,YERANG / SUTGGI,Drama,Thursday,545010,ongoing,2023-01-09
Kill the Dragon,Miss Jisu / J-Sun(REDICE STUDIO),Action,Thursday,378786,ongoing,2023-01-09
Just a Goblin,Brandon Chen / Jksmanga & Inuupen,Fantasy,Thursday,265711,ongoing,2023-01-09
Space Boy,Stephen McCranie,Sci-fi,Thursday,7500000,hiatus,2023-01-09
Dreaming Freedom,2L,Drama,Thursday,852825,ongoing,2023-01-09
Ingrid the Plague Doctor,Harry Amoros,Slice of life,Thursday,544644,ongoing,2023-01-09
Best Teacher Baek,ORIBORI / S.J LEE,Action,Thursday,463064,ongoing,2023-01-09
The Dark Lord's Confession,Topseoung,Fantasy,Thursday,673881,ongoing,2023-01-09
So You're Raising a Warrior,JEON Segi / JEON Hoyun,Fantasy,Thursday,1300000,ongoing,2023-01-09
Finding Fiends,LizardxLizard,Comedy,Thursday,1200000,hiatus,2023-01-09
Shadow Bride,Sae In Lee / Soo Bean Lim,Romance,Thursday,1900000,ongoing,2023-01-09
Little Lady Mint,Yoon Oh / gomok,Fantasy,Thursday,531497,ongoing,2023-01-09
The Double Agent,Hayeon / Charles,Historical,Thursday,1000000,ongoing,2023-01-09
Pyramid Game,Dalgonyak,Drama,Thursday,2100000,ongoing,2023-01-09
Welfare Center ,NANA,Thriller,Thursday,126145,ongoing,2023-01-09
"Take Me, I'm Yours",RoseBean / One Punch Rabbit,Drama,Thursday,818310,ongoing,2023-01-09
God Tribe,Agu_JUNU / SEOPASS,Fantasy,Thursday,244466,ongoing,2023-01-09
Ultra-Alternate Character,JIXKSEE,Action,Thursday,710625,ongoing,2023-01-09
Gates of Hell,Dennis Culver / Yuki Saeki,Thriller,Thursday,98577,ongoing,2023-01-09
Cloud Walker,kariyeen,Action,Thursday,653044,ongoing,2023-01-09
Infinity,two5,Sports,Thursday,343782,ongoing,2023-01-09
"Answer Me, My Prince",Teava / Jjunya,Romance,Thursday,173467,ongoing,2023-01-09
Threads of Love,HAN KIJOO / 1,Romance,Thursday,855713,ongoing,2023-01-09
The Last Golden Child,Alkkae / Saemong,Action,Thursday,523477,ongoing,2023-01-09
Just Pancakes,HadeToons,Comedy,Thursday,2700000,ongoing,2023-01-09
Ghost King,SON GOHOO / PARK JINSEOK,Action,Thursday,257021,ongoing,2023-01-09
My Guardian Demon,Han SeRam / Su Ja,Romance,Thursday,50661,ongoing,2023-01-09
The Most Ordinary Girl,Chogori,Romance,Thursday,326092,ongoing,2023-01-09
Vibe Check!,Ucheomaaa,Comedy,Thursday,520050,ongoing,2023-01-09
Prince Maker,Suosu,Fantasy,Thursday,573106,ongoing,2023-01-09
To-Do List,RYO. / FLEWing,Romance,Thursday,15734,ongoing,2023-01-09
A Man's Man,Dogado / Lucas,Drama,Thursday,604760,ongoing,2023-01-09
Miez,Hiseki,Sci-fi,Thursday,136259,ongoing,2023-01-09
King of the East,Lee Dani / Shin Jiwoo,Action,Thursday,168940,ongoing,2023-01-09
Roach,NOWONE / RIGHT HAND,Horror,Thursday,144687,ongoing,2023-01-09
Do You Remember,Mallowboo,Mystery,Thursday,74307,ongoing,2023-01-09
Gecko Chan,Meritxell Garcia,Comedy,Thursday,515105,ongoing,2023-01-09
Simon Sues,Myung Hee,Supernatural,Thursday,577971,hiatus,2023-01-09
Discovering Love: A Harlequin Romance Collection,Various Artists,Romance,Thursday,154673,ongoing,2023-01-09
Not an Angel,Castella / Pyoryu,Comedy,Thursday,150230,ongoing,2023-01-09
City of Blank,66,Sci-fi,Thursday,4900000,hiatus,2023-01-09
Lily Crown,Diggymungo,Action,Thursday,282954,hiatus,2023-01-09
Eaternal Nocturnal,instantmiso,Romance,Thursday,5200000,hiatus,2023-01-09
Console Her,AICandii,Romance,Thursday,207837,hiatus,2023-01-09
Jungle Juice,Hyeong Eun / JUDER,Action,Thursday,6100000,hiatus,2023-01-09
Maid for Hire,demonicblackcat / Erry Juhana,Romance,Thursday,1900000,hiatus,2023-01-09
The Princess's Jewels,JYUN / Hong Cha,Fantasy,Thursday,1900000,hiatus,2023-01-09
Parallel City,Goda,Mystery,Thursday,3000000,hiatus,2023-01-09
Kind of Confidential,Vivian Darlin,Romance,Thursday,4500000,hiatus,2023-01-09
The Red King,Heylenne,Supernatural,Thursday,2700000,hiatus,2023-01-09
Lalin's Curse,Isakytm,Supernatural,Thursday,3200000,hiatus,2023-01-09
Maybe Meant to Be,honeyskein / damcho,Romance,Friday,4300000,ongoing,2023-01-09
Operation: True Love,kkokkalee / Dledumb,Romance,Friday,3100000,ongoing,2023-01-09
The Guy Upstairs,Hanza Art,Thriller,Friday,1400000,ongoing,2023-01-09
I Love Yoo,Quimchee,Drama,Friday,34700000,ongoing,2023-01-09
The World After the Fall ,singNsong / S-Cynan,Action,Friday,1700000,ongoing,2023-01-09
Vampire Husband,Scragony,Slice of life,Friday,639322,ongoing,2023-01-09
Be My Villain,mintibi,Romance,Friday,2500000,ongoing,2023-01-09
My Giant Nerd Boyfriend,fishball,Slice of life,Friday,62800000,hiatus,2023-01-09
1HP Club,elfboi,Fantasy,Friday,4300000,ongoing,2023-01-09
Nevermore,Kate Flynn / Kit Trace,Supernatural,Friday,1700000,ongoing,2023-01-09
Extraordinary Attorney Woo,Yuil / HwaUmJo,Drama,Friday,123232,ongoing,2023-01-09
Bitten Contract,sungeun,Romance,Friday,1900000,ongoing,2023-01-09
Brimstone and Roses,Speremint,Romance,Friday,4300000,hiatus,2023-01-09
The Gamer,Sangyoung Seong / Sang-A,Action,Friday,20200000,ongoing,2023-01-09
Immortal Weakling,Yaruno / Civen,Superhero,Friday,352213,hiatus,2023-01-09
So I Married the Anti-Fan,Jaerim / Eunjeong Kim,Romance,Friday,3100000,ongoing,2023-01-09
Reborn Rich,SK / JP,Drama,Friday,119877,ongoing,2023-01-09
Romance 101,Namsoo,Romance,Friday,8100000,ongoing,2023-01-09
Rooftops & Roommates,Zaanart,Comedy,Friday,4800000,ongoing,2023-01-09
Lost in Translation,Jjolee,Drama,Friday,7100000,ongoing,2023-01-09
To My First Love,Lise / Songjoo Yoo,Romance,Friday,45384,ongoing,2023-01-09
Forever After,Hannah Patten / Violet Matter,Fantasy,Friday,2600000,hiatus,2023-01-09
Murim RPG Simulation,Hyung Geun Cho / Kwang Hwi,Action,Friday,720150,ongoing,2023-01-09
Ordeal,Brent Bristol,Action,Friday,900209,ongoing,2023-01-09
The Second Lead Syndrome,Batusawa,Drama,Friday,272628,ongoing,2023-01-09
Defects,mushmello,Fantasy,Friday,514300,ongoing,2023-01-09
Saving a Mercenary Unit from Bankruptcy,cheshirenyaong / cheeka,Fantasy,Friday,131858,ongoing,2023-01-09
Hooves of Death,Sam Bragg,Fantasy,Friday,2900000,hiatus,2023-01-09
Raven Saga,Chihiro Howe,Fantasy,Friday,1900000,hiatus,2023-01-09
Gul,Atenmaru / NicolieDC,Action,Friday,1200000,hiatus,2023-01-09
Rewriting the Villainess,HONGHYE,Fantasy,Friday,1100000,ongoing,2023-01-09
Secret Playlist,2F,Romance,Friday,4400000,ongoing,2023-01-09
KILLMAX,Kennycomics / SilentMaru,Supernatural,Friday,1400000,hiatus,2023-01-09
Vixen: NYC,Jasmine Walls / Manou Azumi,Superhero,Friday,299964,ongoing,2023-01-09
Chasing Tails,BASHI,Mystery,Friday,1000000,ongoing,2023-01-09
No Scope,ZOYANG,Sports,Friday,5500000,ongoing,2023-01-09
Children of Mirra,MTS,Fantasy,Friday,111614,ongoing,2023-01-09
Four Leaf,Lumaga,Fantasy,Friday,2000000,hiatus,2023-01-09
The First Hunter,dedart / Chanwook Jeon,Action,Friday,746272,ongoing,2023-01-09
Straylight Tiger,flying-frappe,Sci-fi,Friday,452801,ongoing,2023-01-09
Crimson Heart,HYBE,Fantasy,Friday,73558,ongoing,2023-01-09
Lullaby,MJ / Baeklee,Fantasy,Friday,278043,ongoing,2023-01-09
It's On,Sokomin,Slice of life,Friday,403582,ongoing,2023-01-09
Ghost on the Roof,Klaus Scrimshaw,Drama,Friday,240088,ongoing,2023-01-09
TACIT,KimDazzi,Action,Friday,800231,ongoing,2023-01-09
MONOCHROME,Komatsuki,Action,Friday,324843,ongoing,2023-01-09
Protect the Knight,Dalbong,Fantasy,Friday,537327,ongoing,2023-01-09
Everfallen,Alai Cinereo,Fantasy,Friday,108336,ongoing,2023-01-09
Warrior Executioner,Serae Kim,Fantasy,Friday,142435,ongoing,2023-01-09
Our Resident Exorcist,BaStards / Acorn nut & GB,Action,Friday,69013,ongoing,2023-01-09
Time and Reason,Colabear,Romance,Friday,175886,ongoing,2023-01-09
Survival Log,e_no,Action,Friday,134686,ongoing,2023-01-09
Trailer Park Warlock,Matthew J. Rainwater,Comedy,Friday,764023,ongoing,2023-01-09
Heavenly Eats,Myoung rang / Allbba,Comedy,Friday,138709,ongoing,2023-01-09
Taming the Marquess,Ire / KRFFR,Romance,Friday,540131,hiatus,2023-01-09
Coffin Jackson,CTK,Drama,Friday,86118,ongoing,2023-01-09
Hwarang: Flower Knights of the Underworld,hwieum / striy,Action,Friday,113244,ongoing,2023-01-09
This Life to the Next,jojoohee / YUNO,Drama,Friday,311284,ongoing,2023-01-09
Agatha,Dain Lee,Drama,Friday,458309,ongoing,2023-01-09
Blade of the Phantom Master,Inwan Youn / Kyungil Yang,Action,Friday,99086,ongoing,2023-01-09
Boyfriends.,refrainbow,Slice of life,Friday,21100000,hiatus,2023-01-09
Suitor Armor,Purpah,Fantasy,Friday,8900000,hiatus,2023-01-09
Return of the Blossoming Blade,LICO / Biga,Action,Friday,2400000,hiatus,2023-01-09
#Blessed,M. Victoria Robado,Drama,Friday,1900000,hiatus,2023-01-09
Nomads,Captain Juuter,Fantasy,Friday,573420,hiatus,2023-01-09
"Good Luck, Hero! ",Song Hyunju,Fantasy,Friday,287884,hiatus,2023-01-09
Third Shift Society,Meredith Moriarty,Supernatural,Friday,1500000,hiatus,2023-01-09
Beyond Virtual,EGA,Drama,Friday,486345,hiatus,2023-01-09
Athena Complex,Kaisar,Fantasy,Friday,3000000,hiatus,2023-01-09
Little Rain,Mai,Romance,Friday,679926,hiatus,2023-01-09
Version Day and Night,dewkneelight,Drama,Friday,1200000,hiatus,2023-01-09
Daybreak,Moosopp,Slice of life,Saturday,2100000,ongoing,2023-01-09
The Kiss Bet,Ingrid Ochoa,Romance,Saturday,11900000,ongoing,2023-01-09
Divorcing My Tyrant Husband,Oh Youn Ha / Josara,Romance,Saturday,243205,ongoing,2023-01-09
Wished You Were Dead,SEOCHEONG / ARAN,Drama,Saturday,3300000,ongoing,2023-01-09
Your Throne,SAM,Fantasy,Saturday,13400000,ongoing,2023-01-09
+99 Reinforced Wooden Stick,HONGSIL / JIPERY,Comedy,Saturday,1000000,ongoing,2023-01-09
Like Wind on a Dry Branch,Dalsaeowl / Hwaeum,Fantasy,Saturday,8900000,ongoing,2023-01-09
For My Derelict Favorite,Kim Seonyu / Ryuho,Romance,Saturday,1000000,ongoing,2023-01-09
Sixth Sense Kiss,Got W / Jocobong,Romance,Saturday,5100000,ongoing,2023-01-09
Return to Player,UMKY / SEHON,Action,Saturday,3400000,ongoing,2023-01-09
His Majesty's Proposal,Bloomy / INUS,Fantasy,Saturday,4000000,ongoing,2023-01-09
She's Hopeless,Seokwoo,Drama,Saturday,4700000,ongoing,2023-01-09
I Get Stronger the More I Eat,Kitaeon / Frost Mourne,Action,Saturday,1800000,ongoing,2023-01-09
Adventures of God,Teo / Corey,Comedy,Saturday,29100000,ongoing,2023-01-09
Trash Belongs in the Trash Can!,EDDiERiNG,Romance,Saturday,1200000,ongoing,2023-01-09
Bluechair,Shen,Slice of life,Saturday,43600000,ongoing,2023-01-09
The Strongest Florist,Hyun hoo Joo / Kumtata,Action,Saturday,4200000,ongoing,2023-01-09
The Academy's Undercover Professor,sayren / Tana,Fantasy,Saturday,353042,ongoing,2023-01-09
Ingrid the Plague Doctor,Harry Amoros,Slice of life,Saturday,544644,ongoing,2023-01-09
Long After the Ending,Dorae / Wonderdream,Romance,Saturday,843622,ongoing,2023-01-09
Another Love ,I SOON KI / DDOGAK,Romance,Saturday,1000000,ongoing,2023-01-09
BlackSun,Play / Miin,Action,Saturday,125593,ongoing,2023-01-09
Manager Kim,Jeongjongtaek / Toy,Action,Saturday,826513,ongoing,2023-01-09
The Blood of the Butterfly,Remin,Fantasy,Saturday,1700000,ongoing,2023-01-09
Señorita Cometa,Arechan,Mystery,Saturday,625439,ongoing,2023-01-09
Devilish Romance,Lee Kong-joo / White Eagle,Supernatural,Saturday,2500000,ongoing,2023-01-09
Phone Addict,HD / 8,Romance,Saturday,547597,ongoing,2023-01-09
Survival Diary,SSurplus man,Thriller,Saturday,122240,ongoing,2023-01-09
A Whirlwind Campus Affair,Uiyoung,Drama,Saturday,838030,ongoing,2023-01-09
Skullgirls,Mike Exner III / Wiirdo / Pasteldot,Action,Saturday,101327,ongoing,2023-01-09
Charming You,Gulrim / Park Soo jung,Romance,Saturday,433972,ongoing,2023-01-09
Knight Under My Heart,Routine.  j / HAN SungWoo,Action,Saturday,264922,ongoing,2023-01-09
How to Become a Dragon,eon,Fantasy,Saturday,4000000,hiatus,2023-01-09
The Ember Knight,Hwandaeng,Fantasy,Saturday,1300000,ongoing,2023-01-09
Uriah,Toffuo,Horror,Saturday,2900000,ongoing,2023-01-09
To You Who Doesn’t Love Me,Yeonseo / Bbada,Fantasy,Saturday,105894,ongoing,2023-01-09
Our Secret Alliance,Cakenyam,Romance,Saturday,476662,ongoing,2023-01-09
Our Paradise,greeneer,Drama,Saturday,76647,ongoing,2023-01-09
Bad Signs,Jimena Aranda,Comedy,Saturday,2300000,ongoing,2023-01-09
Double Click,KIM JANGHUN / PARK SUBONG,Sports,Saturday,753528,ongoing,2023-01-09
Woven,Lark & Wren,Fantasy,Saturday,437183,ongoing,2023-01-09
Urban Animal,Justin Jordan / John Amor,Superhero,Saturday,2900000,ongoing,2023-01-09
7FATES: CHAKHO,HYBE,Fantasy,Saturday,2300000,ongoing,2023-01-09
I’m the Max-Level Newbie,SWING BAT / WAN.Z(REDICE STUDIO),Action,Saturday,1600000,ongoing,2023-01-09
Lone,Mel0h,Fantasy,Saturday,2200000,ongoing,2023-01-09
Monster Duke's Daughter,Han ocean / Chal Lan,Fantasy,Saturday,1000000,ongoing,2023-01-09
The Spark in Your Eyes,MURO,Fantasy,Saturday,1000000,ongoing,2023-01-09
Deor,J.oori,Fantasy,Saturday,3100000,ongoing,2023-01-09
Just Pancakes,HadeToons,Comedy,Saturday,2700000,ongoing,2023-01-09
Random Chat,PARK EUN HYUK,Drama,Saturday,3000000,ongoing,2023-01-09
The Monster's Bride,Steak / Sang beom,Fantasy,Saturday,685008,ongoing,2023-01-09
Branching Out,profzach,Fantasy,Saturday,93344,ongoing,2023-01-09
Eros Conquers All,ameliori,Supernatural,Saturday,284972,hiatus,2023-01-09
Unstable,Pink_Alien,Supernatural,Saturday,53636,ongoing,2023-01-09
Dr. Frost,JongBeom Lee,Mystery,Saturday,3200000,ongoing,2023-01-09
To Be Ordinary!,kkanaria,Drama,Saturday,211525,ongoing,2023-01-09
Tomorrow,Llama,Drama,Saturday,264978,ongoing,2023-01-09
Red Compass,Frank Calicó,Action,Saturday,27822,ongoing,2023-01-09
Principal's Livestream,jwawind,Comedy,Saturday,86308,ongoing,2023-01-09
Nexus Point,Trevor Mueller / Sebastian von Buchwald,Sci-fi,Saturday,48969,ongoing,2023-01-09
Meow Rangers,AHNJOO,Comedy,Saturday,191166,ongoing,2023-01-09
Eyes,Jeong Summer,Fantasy,Saturday,155669,ongoing,2023-01-09
The Croaking,echorise,Fantasy,Saturday,6700000,hiatus,2023-01-09
Winter Moon,Merryweather / MAYUI,Fantasy,Saturday,35400000,hiatus,2023-01-09
Death: Rescheduled,Snailords,Thriller,Saturday,2600000,hiatus,2023-01-09
Doom Breaker,Blue-Deep,Action,Saturday,3100000,hiatus,2023-01-09
Men of the Harem,HereLee / Alphatart,Fantasy,Saturday,8100000,hiatus,2023-01-09
Clinic of Horrors,Merryweather / PokuriMio,Supernatural,Saturday,6400000,hiatus,2023-01-09
Midnight Poppy Land,Lilydusk,Romance,Saturday,14600000,hiatus,2023-01-09
Shiloh,Kit Trace / Kate Flynn,Thriller,Saturday,2100000,hiatus,2023-01-09
LMLY,edbe,Romance,Saturday,896282,hiatus,2023-01-09
Death of a Pop Star,Violet Karim,Romance,Saturday,2500000,hiatus,2023-01-09
#Killstagram,Ryoung,Thriller,Saturday,3700000,hiatus,2023-01-09
Lore Olympus,Rachel Smythe,Romance,Sunday,60400000,ongoing,2023-01-09
Castle Swimmer,Wendy Lian Martin,Fantasy,Sunday,21800000,ongoing,2023-01-09
High Class Homos,Momozerii,Comedy,Sunday,8000000,hiatus,2023-01-09
My Gently Raised Beast,Yeoseulki / Early Flower,Romance,Sunday,9700000,ongoing,2023-01-09
LUMINE,Emma Krogell,Fantasy,Sunday,21700000,ongoing,2023-01-09
My In-Laws are Obsessed with Me ,seungu / Han Yoon seol,Fantasy,Sunday,3100000,ongoing,2023-01-09
Get Schooled,Yongtaek Chae / GARAM HAN,Drama,Sunday,6600000,ongoing,2023-01-09
Jackson's Diary,Paola Batalla,Supernatural,Sunday,6800000,ongoing,2023-01-09
DARK MOON: THE BLOOD ALTAR,HYBE,Fantasy,Sunday,2600000,ongoing,2023-01-09
Designated Bully,GRIMZO,Action,Sunday,644891,ongoing,2023-01-09
Lookism,Taejun Pak,Drama,Sunday,45200000,ongoing,2023-01-09
The Lone Necromancer,JJJ / KIM KYOUNG-YEOL,Fantasy,Sunday,2100000,ongoing,2023-01-09
Perfect Marriage Revenge,Yibambe / so young,Romance,Sunday,3700000,ongoing,2023-01-09
From a Knight to a Lady,Ink. / Hyerim Sung,Fantasy,Sunday,3300000,ongoing,2023-01-09
The Greatest Estate Developer,Lee hyunmin / Kim Hyunsoo,Fantasy,Sunday,1900000,ongoing,2023-01-09
The Druid of Seoul Station,liveBear / Mun sung ho,Action,Sunday,2200000,ongoing,2023-01-09
There Must Be Happy Endings,Jaerim / Bulsa,Romance,Sunday,3600000,ongoing,2023-01-09
Hyperfocus,Kip Trevor,Slice of life,Sunday,2300000,hiatus,2023-01-09
After School Lessons for Unripe Apples,Soonkki,Drama,Sunday,2600000,ongoing,2023-01-09
The Newlywed Diary of a Witch and a Dragon,New lung / Dimang,Romance,Sunday,5200000,ongoing,2023-01-09
Can I Take It Back?,shinmae,Romance,Sunday,860528,ongoing,2023-01-09
Everywhere & Nowhere,Merryweather / PeaCH,Comedy,Sunday,11400000,hiatus,2023-01-09
Limit Breaker,Oh / Hongsil,Action,Sunday,630470,ongoing,2023-01-09
The Warrior Returns,NARACK / FUNGBACK,Action,Sunday,1000000,ongoing,2023-01-09
LoveBot,Chase Keels / Miranda Mundt,Sci-fi,Sunday,2500000,ongoing,2023-01-09
Judge and Executioner,KIM SOONG NYUNG / GWANG SAN,Thriller,Sunday,35597,ongoing,2023-01-09
Half-Ghost,Sejung,Romance,Sunday,2400000,ongoing,2023-01-09
Blood-Ink,Lupicut,Action,Sunday,4800000,ongoing,2023-01-09
Study Group,Hyungwuk Shin / Seungyeon Ryu,Action,Sunday,1600000,ongoing,2023-01-09
Hanlim Gym,Hyeseong / Sukjae Lee,Sports,Sunday,926507,ongoing,2023-01-09
Live with Yourself!,Shen / David J Catman,Comedy,Sunday,12400000,ongoing,2023-01-09
The Matchmaking Baby Princess,Jimmy Sin / Karin Park,Fantasy,Sunday,1400000,ongoing,2023-01-09
CARL,Hussein Traboulsi,Slice of life,Sunday,5000000,hiatus,2023-01-09
Complicated Cohabitation,Hwang Han-Young / I-room,Romance,Sunday,39262,ongoing,2023-01-09
Smity and Majesty,Nekucciola,Comedy,Sunday,1200000,ongoing,2023-01-09
Metro Hunter,YOPY / Mr.Cheok,Action,Sunday,488944,ongoing,2023-01-09
Rewriting Our Love Story,choi gyeong min / young mo,Romance,Sunday,281319,ongoing,2023-01-09
Religiously Gay,Snotprince,Romance,Sunday,232851,hiatus,2023-01-09
My Irresistible Ex,Ki moong / YeoBack,Romance,Sunday,674292,ongoing,2023-01-09
The Secrets of the Willson Family,MILL2,Mystery,Sunday,112660,ongoing,2023-01-09
Seed,Said P.,Sci-fi,Sunday,3200000,ongoing,2023-01-09
Vibe Check!,Ucheomaaa,Comedy,Sunday,520050,ongoing,2023-01-09
It Rains on Precious Days,RYO. / YABOMI,Romance,Sunday,210309,ongoing,2023-01-09
Savior,Junqi / Jo9,Fantasy,Sunday,450724,ongoing,2023-01-09
Trapped,HAEMURI,Thriller,Sunday,705320,ongoing,2023-01-09
Loser Coin,Lee Je Hwan / Beomsik,Drama,Sunday,172336,ongoing,2023-01-09
Shingi: The Spirit's Playbook,BBing / Min A,Action,Sunday,99552,ongoing,2023-01-09
The World is Money and Power,Dongwoo Han / Dohee Lee,Action,Sunday,944169,ongoing,2023-01-09
Time Roulette,SN / Bae302,Fantasy,Sunday,121127,ongoing,2023-01-09
Vampire Magicka,Bryan Golden,Fantasy,Sunday,116904,ongoing,2023-01-09
Master of Villains,DdeokkuE / Izi,Action,Sunday,277721,ongoing,2023-01-09
Tales of Sarimin the Jinn,NAGATERBANG,Action,Sunday,183544,ongoing,2023-01-09
Traveler,T Campbell / John & Jason Waltrip,Superhero,Sunday,29593,ongoing,2023-01-09
The Legendary Fossil,CHUNG JONG / BESI,Drama,Sunday,359736,hiatus,2023-01-09
Covenant,explodikid,Action,Sunday,2300000,hiatus,2023-01-09
I'm the Grim Reaper,GRAVEWEAVER,Supernatural,Sunday,11500000,hiatus,2023-01-09
Not Even Bones,R Schaeffer / Starpiper,Thriller,Sunday,10400000,hiatus,2023-01-09
The Wildlands,littlebobler,Fantasy,Sunday,111854,hiatus,2023-01-09
Evelyne and the Occult,InksOwl comics,Supernatural,Sunday,1400000,hiatus,2023-01-09
Stray Souls,Maf,Fantasy,Sunday,2400000,hiatus,2023-01-09
IF,Keon Tan,Action,Sunday,469384,hiatus,2023-01-09
The Remarried Empress,Alphatart / Sumpul,Fantasy,Sunday,25500000,hiatus,2023-01-09
R-X: RAYER HUNTER,Gyoc / Hanga,Sci-fi,Sunday,97679,hiatus,2023-01-09
Blades of Furry,Deya Muniz / Emily Erdos,Romance,Sunday,3200000,hiatus,2023-01-09
The Shadow Prophet,Anne Delseit / Marissa Delbressine,Drama,Sunday,307191,hiatus,2023-01-09
Mystical,VAN.J,Supernatural,Completed,3500000,completed,2023-01-09
Shotgun Boy,Carnby Kim / Hongpil,Thriller,Completed,4300000,completed,2023-01-09
Sweet Home,Carnby Kim / Youngchan Hwang,Thriller,Completed,18000000,completed,2023-01-09
Hardcore Leveling Warrior,Sehoon Kim,Action,Completed,15600000,completed,2023-01-09
The Boxer,JH,Sports,Completed,11100000,completed,2023-01-09
The Male Lead's Girl Friend,KAKON / RYU HEON,Romance,Completed,1600000,completed,2023-01-09
Hooky,Míriam Bonastre Tur,Fantasy,Completed,9700000,completed,2023-01-09
The Child of a Star,Sunny,Fantasy,Completed,41480,ongoing,2023-01-09
Freaking Romance,Snailords,Romance,Completed,21000000,completed,2023-01-09
The Horizon,JH,Drama,Completed,370078,completed,2023-01-09
The First Night With the Duke,MSG / Teava,Fantasy,Completed,11700000,completed,2023-01-09
To Love Your Enemy,Jungyoon / Taegeon,Romance,Completed,12800000,completed,2023-01-09
My Deepest Secret,Hanza Art,Thriller,Completed,15600000,completed,2023-01-09
Unholy Blood,Lina Im / Jeonghyeon Kim,Supernatural,Completed,13200000,completed,2023-01-09
A Heart for the Emperor,6S / coconutberry,Romance,Completed,408447,completed,2023-01-09
Ghost Wife,Sejung,Romance,Completed,10600000,completed,2023-01-09
My Boo,Jeongseo,Supernatural,Completed,3000000,completed,2023-01-09
Devil Number 4,jangjin / woombeee,Supernatural,Completed,13400000,completed,2023-01-09
Love and Leashes,Winter,Romance,Completed,2000000,completed,2023-01-09
'Til Debt Do Us Part,janggreen / flowbee,Romance,Completed,1800000,completed,2023-01-09
Siren's Lament,instantmiso,Romance,Completed,23400000,completed,2023-01-09
Bastard,Carnby Kim / Youngchan Hwang,Thriller,Completed,7600000,completed,2023-01-09
Tales of Greed,Juin Kim / Taejun Pak Webtoon Company,Thriller,Completed,768158,completed,2023-01-09
"God, Please Make Me a Demon! ",Bulsa / Yomgary,Comedy,Completed,1700000,completed,2023-01-09
My Life as a Loser,Taejun Pak / SW Jeon,Drama,Completed,717391,completed,2023-01-09
SAVE ME,Big Hit Ent. / LICO,Drama,Completed,4200000,completed,2023-01-09
The Makeup Remover,Lee Yone,Romance,Completed,13300000,completed,2023-01-09
Age Matters,Enjelicious,Romance,Completed,28600000,completed,2023-01-09
How to Survive a Romance Fantasy,sing-nanda,Fantasy,Completed,1500000,completed,2023-01-09
My Dear Cold-Blooded King,lifelight,Romance,Completed,15800000,completed,2023-01-09
No Longer A Heroine!,Maenggi Ki,Drama,Completed,3800000,completed,2023-01-09
Mosquito Wars,JH,Sci-fi,Completed,591677,completed,2023-01-09
Girls of the Wild's,HUN / ZHENA,Action,Completed,7600000,completed,2023-01-09
A Good Day to be a Dog,Lee Hey,Romance,Completed,10500000,completed,2023-01-09
It's Mine,LuckS,Thriller,Completed,10200000,completed,2023-01-09
Our Beloved Summer,Han Kyoung Chal / Lee Naeun,Romance,Completed,670346,completed,2023-01-09
All of Us Are Dead,Joo Dong-geun,Thriller,Completed,1300000,completed,2023-01-09
My Daughter is a Zombie,Yun-chang Lee,Comedy,Completed,2300000,completed,2023-01-09
My ID is Gangnam Beauty!,Maenggi Ki,Drama,Completed,1300000,completed,2023-01-09
Disconnected from Reality,HHAANN / LIMYE,Thriller,Completed,276761,completed,2023-01-09
The Snake and the Flower,Na-eum So,Historical,Completed,1000000,completed,2023-01-09
Rumor Has It,sungA,Romance,Completed,864988,completed,2023-01-09
Promise of an Orchid,Jeong Hyun joo / PARK JIN HWAN,Fantasy,Completed,663612,completed,2023-01-09
Where Tangents Meet,instantmiso,Romance,Completed,2900000,completed,2023-01-09
Days of Hana,Seokwoo,Drama,Completed,7500000,completed,2023-01-09
She Would Never Know,Cafelatte / JINHA,Romance,Completed,1600000,completed,2023-01-09
Publishing Love,Rosa / Song Yi,Romance,Completed,270952,completed,2023-01-09
A Useless Villain,Yeoul / ODI,Action,Completed,1200000,completed,2023-01-09
PIGPEN,Carnby Kim / Beom Sick Cheon,Thriller,Completed,1800000,completed,2023-01-09
The Predator,Chi Chi / Shin Heebin,Thriller,Completed,534709,completed,2023-01-09
Noblesse,Jeho Son / Kwangsu Lee,Action,Completed,21000000,completed,2023-01-09
Our Time,seaweed candy / Leewol,Drama,Completed,480225,completed,2023-01-09
Tales of the Unusual,Sungdae Oh,Horror,Completed,9900000,completed,2023-01-09
Island,Inwan Youn / Kyungil Yang,Action,Completed,75967,completed,2023-01-09
Toaster Dude,littlebobler / soaporsalad,Comedy,Completed,3300000,completed,2023-01-09
Nevertheless,Jeongseo,Romance,Completed,1200000,completed,2023-01-09
GremoryLand,A.Rasen,Horror,Completed,2300000,completed,2023-01-09
Miss Abbott and the Doctor,Maripaz Villar,Romance,Completed,8300000,completed,2023-01-09
Refund High School,LICO,Fantasy,Completed,11900000,completed,2023-01-09
The Wolf & Red Riding Hood,XUANN,Comedy,Completed,3600000,completed,2023-01-09
Ecstasy Hearts,SilentMaru,Sports,Completed,4500000,completed,2023-01-09
Back to You,Honey B,Drama,Completed,5000000,completed,2023-01-09
Super Secret,eon,Romance,Completed,11900000,completed,2023-01-09
Ghost Teller,QTT,Horror,Completed,5300000,completed,2023-01-09
Dating With a Tail,Jinha / Hepon,Romance,Completed,3200000,completed,2023-01-09
Night Fishing,LICO / GOOD GUY,Thriller,Completed,50355,completed,2023-01-09
The Girl Downstairs,Songah Min,Romance,Completed,3900000,completed,2023-01-09
Hell is Other People,Yong-Ki Kim,Thriller,Completed,691141,completed,2023-01-09
Locker & Opener,Manchi / Barunflower,Mystery,Completed,635204,completed,2023-01-09
Dear X,VANZIUN,Thriller,Completed,828486,completed,2023-01-09
Yumi's Cells,Donggeon Lee,Slice of life,Completed,18900000,completed,2023-01-09
Rotten,Goodguy,Thriller,Completed,1200000,completed,2023-01-09
LUFF,Arechan,Romance,Completed,9200000,completed,2023-01-09
ORANGE MARMALADE,Seokwoo,Romance,Completed,4900000,completed,2023-01-09
Death's Game,LEE WONSIK / GGULCHAN,Drama,Completed,1500000,completed,2023-01-09
The Nuna at Our Office,WasakBasak / JANE,Drama,Completed,763986,completed,2023-01-09
The Wrath & the Dawn,Renée Ahdieh / SilvesterVitale,Fantasy,Completed,5500000,completed,2023-01-09
Hellbound,Choi Gyuseok / Yeon Sangho,Thriller,Completed,247461,completed,2023-01-09
Cheese in the Trap,Soonkki,Drama,Completed,9300000,completed,2023-01-09
When the Day Comes,OMYO,Heartwarming,Completed,1500000,completed,2023-01-09
Witch Hunt,SSO PARK,Supernatural,Completed,1100000,completed,2023-01-09
Oh! Holy,Ahyun,Romance,Completed,8500000,completed,2023-01-09
Ghost Theater,LICO,Drama,Completed,2200000,completed,2023-01-09
Nano List,Songah Min,Sci-fi,Completed,3400000,completed,2023-01-09
Anti-Monster Force,Goaten,Fantasy,Completed,490104,completed,2023-01-09
SAMADHI,LEE WONSIK / GGULCHAN,Superhero,Completed,594612,completed,2023-01-09
Double-Binded By Love,Fortune King / Esam,Romance,Completed,205355,completed,2023-01-09
Zombie Ship,choi hae woong / Choi Insoo,Horror,Completed,203879,completed,2023-01-09
There's Love Hidden in Lies,Kawai Aporo,Romance,Completed,1500000,completed,2023-01-09
Let Me Stay Over Tonight!,Yunana / Heabun,Romance,Completed,1900000,completed,2023-01-09
Finding Wonderland,roousuu / WmW,Fantasy,Completed,1000000,completed,2023-01-09
Madame Outlaw,Junk Ren / WmW,Historical,Completed,1300000,completed,2023-01-09
Whale Star: The Gyeongseong Mermaid,Na Yoonhee,Drama,Completed,1300000,completed,2023-01-09
Spirit Fingers,Han Kyoung Chal,Drama,Completed,5300000,completed,2023-01-09
Mythical Errand,GGOLI,Fantasy,Completed,543564,completed,2023-01-09
The Aftermath,Bongsoo,Drama,Completed,176578,completed,2023-01-09
Before We Knew It,Nakano Mayaka,Romance,Completed,4600000,completed,2023-01-09
Deadlife,Hooressha / Jinguk Lim,Action,Completed,467866,completed,2023-01-09
Scorching Romance,Hongchi,Romance,Completed,5400000,completed,2023-01-09
Fluffy Boyfriend,Mihi,Supernatural,Completed,4900000,completed,2023-01-09
See No Evil,Gwangtanto / Maduru,Thriller,Completed,473259,completed,2023-01-09
The Sound of Magic: Annarasumanara,Ilkwon Ha,Drama,Completed,922939,completed,2023-01-09
Her Bucket List,Yellow sheep / So-p,Romance,Completed,1200000,completed,2023-01-09
Witch Creek Road,Garth the Geek / Kenan Halilovic,Horror,Completed,1800000,completed,2023-01-09
DICE,Hyunseok Yun,Fantasy,Completed,10400000,completed,2023-01-09
GOSU,Giun Ryu / Mun Jeong Hoo,Action,Completed,6300000,completed,2023-01-09
Behind the Curtain,dagwa,Romance,Completed,186817,completed,2023-01-09
My Universe,gongyi / moonkyoung kim,Romance,Completed,1000000,completed,2023-01-09
Taste of Illness,Ilkwon Ha,Drama,Completed,573449,completed,2023-01-09
Flow,Honey B,Fantasy,Completed,2900000,completed,2023-01-09
Winter Woods,COSMOS / VAN.J,Drama,Completed,3800000,completed,2023-01-09
Floating in My Mind,hcy,Supernatural,Completed,478708,completed,2023-01-09
Dark Mortal,Jeonyeok Lee,Drama,Completed,1200000,completed,2023-01-09
Marry Me!,Miku Yuki,Romance,Completed,2800000,completed,2023-01-09
Tenants from Another World,kiki / E-um,Fantasy,Completed,492308,completed,2023-01-09
Delusion,Hongjacga,Thriller,Completed,1100000,completed,2023-01-09
Forest of Humans,Junho Hwang,Thriller,Completed,356733,completed,2023-01-09
unTouchable,massstar,Romance,Completed,6100000,completed,2023-01-09
Moonlight Beauty Parlor,Nawa,Drama,Completed,694394,completed,2023-01-09
HIVE,Kyusam Kim,Thriller,Completed,2900000,completed,2023-01-09
Fast Forward,PORTO / Junki Hong,Thriller,Completed,1000000,completed,2023-01-09
The Fever King,Victoria Lee / SaraDeek,Superhero,Completed,2600000,completed,2023-01-09
Money Game,Bae Jin-Soo,Thriller,Completed,264119,completed,2023-01-09
Rot & Ruin,Taylor Grant / Alempe,Horror,Completed,1500000,completed,2023-01-09
Noise From Upstairs,Yangsong,Thriller,Completed,125681,completed,2023-01-09
If AI Ruled the World,POGO / HOOPA,Sci-fi,Completed,642033,completed,2023-01-09
Yuna & Kawachan,Lauren Schmidt,Drama,Completed,1800000,completed,2023-01-09
Love Advice from the Great Duke of Hell,unfins,Comedy,Completed,12600000,completed,2023-01-09
The Cliff,Sungdae Oh,Thriller,Completed,115097,completed,2023-01-09
I Don't Want This Kind of Hero,samchon,Superhero,Completed,3200000,completed,2023-01-09
Scroll if You Dare,Various Artists,Horror,Completed,576164,completed,2023-01-09
Rise from Ashes,Madeleine Rosca,Supernatural,Completed,4400000,completed,2023-01-09
microHUNTER,B.Y / JRobin,Action,Completed,3100000,completed,2023-01-09
Bloodless Wars,Tovon,Sci-fi,Completed,380484,completed,2023-01-09
Beetle Hands,Herhumanist,Horror,Completed,420113,completed,2023-01-09
Grasp,Jeonghoon Hwang,Thriller,Completed,282728,completed,2023-01-09
Moon You,Cho Seok,Sci-fi,Completed,751080,completed,2023-01-09
Garden Club Detective Squad,52chu,Mystery,Completed,1000000,completed,2023-01-09
Reunion,stephattyy,Romance,Completed,2100000,completed,2023-01-09
DEEP,TOWOO / Tae Heon Kim,Thriller,Completed,228985,completed,2023-01-09
The Sound of Another,Baek June / Thresher,Sci-fi,Completed,428661,completed,2023-01-09
DEAD DAYS,DEY,Horror,Completed,587049,completed,2023-01-09
Happiness,Jin Cheol-soo / Park Si-hyun,Action,Completed,261407,completed,2023-01-09
Love Falls Like Rain,Yeri,Romance,Completed,626025,completed,2023-01-09
Jumping Over,jonijo / suh saya,Romance,Completed,397775,completed,2023-01-09
About Death,Sini / Hyeono,Drama,Completed,383675,completed,2023-01-09
The Savior's Time,Song Geukjang,Thriller,Completed,458269,completed,2023-01-09
The Wendybird,WmW / Thabfu,Fantasy,Completed,819434,completed,2023-01-09
Bloodhounds,Jeong Chan,Action,Completed,134936,completed,2023-01-09
Arma,Sgt.,Superhero,Completed,1300000,completed,2023-01-09
Lilac 200%,Uiyoung,Drama,Completed,374376,completed,2023-01-09
Epilogue,Cho Seok,Thriller,Completed,184041,completed,2023-01-09
ANT,Jaehee,Thriller,Completed,144975,completed,2023-01-09
Fake Humans,kim-badak / 0-hwan2,Thriller,Completed,295419,completed,2023-01-09
Crown of Feathers,Nicki Pau Preto / Foxkirin,Fantasy,Completed,1200000,completed,2023-01-09
FLOWAR,Hongjacga,Sci-fi,Completed,265549,completed,2023-01-09
A Fake Affair,Akiko Higashimura,Romance,Completed,206877,completed,2023-01-09
A Mark Against Thee,gotaeho,Drama,Completed,277667,completed,2023-01-09
This Magical Moment,Na Yoonhee,Supernatural,Completed,639897,completed,2023-01-09
The Girl Who Sees Smells ,Maanchwee,Fantasy,Completed,811175,completed,2023-01-09
11 of Me,Jiae Go / Jaeyeong Yeong,Supernatural,Completed,207991,completed,2023-01-09
Duty After School,Ilkwon Ha,Sci-fi,Completed,456933,completed,2023-01-09
She Bites!,MandaRat / NoChanJoo,Slice of life,Completed,237654,completed,2023-01-09
Laras's Heart,Tupaikidal,Drama,Completed,156567,completed,2023-01-09
The Golden Spoon,HD3,Drama,Completed,331874,completed,2023-01-09
Magic Soda Pop,Raúl Trevino,Supernatural,Completed,667606,completed,2023-01-09
Ctrl+Z,MiTi,Thriller,Completed,666336,completed,2023-01-09
Escape Room,10PARK,Thriller,Completed,3000000,completed,2023-01-09
"Sarah, I'm Sorry: Welcome to Our Galaxy",MiTi / GUGU,Informative,Completed,160970,completed,2023-01-09
God of Bath,Ilkwon Ha,Comedy,Completed,303450,completed,2023-01-09
100,Hyeong Eun / Yunyeol Choi,Action,Completed,248011,completed,2023-01-09
The God of High School,Yongje Park,Action,Completed,30500000,completed,2023-01-09
The Hip Guy,HENIE,Comedy,Completed,1500000,completed,2023-01-09
SOUL CARTEL,Haram / Youngji Kim,Fantasy,Completed,1300000,completed,2023-01-09
The Weight of Our Sky,Hanna Alkaf / Nisrina A.N.,Historical,Completed,1200000,completed,2023-01-09
Be Still My Heart,Ilkwon Ha,Sports,Completed,68908,completed,2023-01-09
"Mom, I'm Sorry",MiTi / GUGU,Drama,Completed,5600000,completed,2023-01-09
Your Letter,Hyeon A Cho,Drama,Completed,1100000,completed,2023-01-09
The Badguys,Luke Lancaster / Orlando Caicedo,Superhero,Completed,331158,completed,2023-01-09
Swimming Lessons for a Mermaid,YONGCHAN,Romance,Completed,6600000,completed,2023-01-09
The Earth's Chosen Savior,Shinel / Ha jung soo,Action,Completed,552287,completed,2023-01-09
WEBTOON x BTS,WEBTOON,Fantasy,Completed,1300000,completed,2023-01-09
The Four of Them,Mai Hirschfeld_,Drama,Completed,8700000,completed,2023-01-09
Muted,Miranda Mundt,Supernatural,Completed,7700000,completed,2023-01-09
Pound,Tony Karnowski / Orlando Caicedo,Action,Completed,356247,completed,2023-01-09
Edith,Swansgarden,Romance,Completed,10900000,completed,2023-01-09
AntiSTALKER,VOKIVORMOK,Romance,Completed,4800000,completed,2023-01-09
Distant Sky,Inwan Youn / Sunhee Kim,Horror,Completed,1700000,completed,2023-01-09
Night of Silence,Dongwoo Han / Q-Ha,Thriller,Completed,101477,completed,2023-01-09
The Retreats,Hyungwuk Shin / Sunhee Kim,Action,Completed,79769,completed,2023-01-09
Horang's Nightmare,Horang,Horror,Completed,507157,completed,2023-01-09
Unknown Caller,Various Artists,Thriller,Completed,203847,completed,2023-01-09
Ode to Our Youth,Heenari,Comedy,Completed,76413,completed,2023-01-09
CODE HELIX,Nikki Dibya Wardhana / Bryan Arfiandy,Drama,Completed,177423,completed,2023-01-09
Ghost Bats,Walter Ostlie,Sci-fi,Completed,119796,completed,2023-01-09
Spells From Hell,WmW / Silke Tara,Fantasy,Completed,2800000,completed,2023-01-09
BOO! It's Sex,Danielle Corsetto / Monica Gallagher,Slice of life,Completed,4800000,completed,2023-01-09
Always Human,walkingnorth,Romance,Completed,2600000,completed,2023-01-09
Unwritten Death,MaracuyasArt,Romance,Completed,796512,completed,2023-01-09
Gourmet Hound,Leehama,Drama,Completed,12000000,completed,2023-01-09
Room of Swords,Toonimated,Sci-fi,Completed,6500000,completed,2023-01-09
Andy Bass,KenneDuck / Gia,Comedy,Completed,1800000,completed,2023-01-09
The Red Book,RD,Horror,Completed,495473,completed,2023-01-09
Aerial Magic,walkingnorth,Fantasy,Completed,1700000,completed,2023-01-09
Melvina's Therapy,A.Rasen,Horror,Completed,2200000,completed,2023-01-09
Cat vs. Dog,Sen-chan,Comedy,Completed,916617,completed,2023-01-09
The Vault of Horror: A Collection of Nightmares,Various Artists,Horror,Completed,333452,completed,2023-01-09
AXED,Shren Patel / Emi MG,Comedy,Completed,3900000,completed,2023-01-09
ShootAround,suspu,Drama,Completed,1800000,completed,2023-01-09
Cape of Spirits,Kris Nguyen,Action,Completed,2400000,completed,2023-01-09
Crumbs,Whitherling,Romance,Completed,1800000,completed,2023-01-09
Cherry Blossoms,PARK SUBONG,Romance,Completed,159778,completed,2023-01-09
Shriek,Various Artists,Thriller,Completed,431760,completed,2023-01-09
Noblesse: Rai's Adventure,Jeho Son / Kwangsu Lee,Action,Completed,329884,completed,2023-01-09
The Steam Dragon Express,Merryweather / Porforever,Fantasy,Completed,3100000,completed,2023-01-09
Chiller,Various Artists,Thriller,Completed,900256,completed,2023-01-09
Fluidum,GirlsOnFilm / ValeriaM,Drama,Completed,1700000,completed,2023-01-09
Eggnoid,Archie the Redcat,Sci-fi,Completed,14700000,completed,2023-01-09
Atelier on the Sunflower Hill,Roctis Tray,Fantasy,Completed,321135,completed,2023-01-09
Once a Hero,Yankifull,Fantasy,Completed,631594,completed,2023-01-09
Rewriting Extinction,Various Artists,Comedy,Completed,288524,completed,2023-01-09
Life Outside the Circle,H-P Lehkonen,Drama,Completed,1000000,completed,2023-01-09
The Stories of Those Around Me,OMYO,Romance,Completed,918006,completed,2023-01-09
For the Sake of Sita,Haga,Romance,Completed,348513,completed,2023-01-09
Brutally Honest,Deya Muniz,Comedy,Completed,1300000,completed,2023-01-09
UndeadEd,Boredman,Supernatural,Completed,1200000,completed,2023-01-09
Kids Are All Right,HP56,Drama,Completed,432566,completed,2023-01-09
THE GIRL FROM CLASS,PARK SUBONG,Drama,Completed,368790,completed,2023-01-09
Asterion,NeverDraws,Drama,Completed,421902,completed,2023-01-09
Illuminated,Rachel Song / Maria Nguyen,Informative,Completed,136964,completed,2023-01-09
SHADOW,yunuji / haejin,Superhero,Completed,193829,completed,2023-01-09
House of Stars,saltacuentos / Lion Illustration,Fantasy,Completed,871578,completed,2023-01-09
Kind of Love,Various Artists,Romance,Completed,3000000,completed,2023-01-09
Have You Any Fear?,Various Artists,Horror,Completed,188197,completed,2023-01-09
Outrage,Fabian Nicieza / Reilly Brown,Superhero,Completed,700612,completed,2023-01-09
The Wolfman of Wulvershire,K. Oliver,Mystery,Completed,2100000,completed,2023-01-09
CinnamonRoll,RE ME,Romance,Completed,873871,completed,2023-01-09
Meow Man,Olso,Comedy,Completed,4000000,completed,2023-01-09
Elena,Jorge Jaramillo,Horror,Completed,249316,completed,2023-01-09
Matchmaker Hero,Madeline Ince,Sci-fi,Completed,1100000,completed,2023-01-09
The Strange Tales of Oscar Zahn,Tri Vuong,Fantasy,Completed,1200000,completed,2023-01-09
Snailogy,Snailords,Slice of life,Completed,2600000,completed,2023-01-09
Salty Studio,OMYO,Romance,Completed,1100000,completed,2023-01-09
My Dictator Boyfriend,Teo / Guy,Comedy,Completed,5300000,completed,2023-01-09
Unlucky is as Lucky does,M. Nires,Comedy,Completed,3500000,completed,2023-01-09
Drawing on Heritage,WEBTOON Creators,Informative,Completed,52929,completed,2023-01-09
The World Where I Belong,GMOW,Supernatural,Completed,1000000,completed,2023-01-09
Phantom Paradise,Rurisen (L. Zhu),Fantasy,Completed,3500000,completed,2023-01-09
Late Bloomer,zealforart,Romance,Completed,754512,completed,2023-01-09
Friday: Forbidden Tales,Bae Jin-Soo,Thriller,Completed,534920,completed,2023-01-09
Smile Brush,waroo,Slice of life,Completed,428235,completed,2023-01-09
HEART Anthology,Marvin.W / caw-chan,Heartwarming,Completed,1700000,completed,2023-01-09
BRAIN Anthology,Various Artists,Horror,Completed,825005,completed,2023-01-09
Small World,Wonsun Jin,Slice of life,Completed,18600000,completed,2023-01-09
Newman,Josh Ulrich,Fantasy,Completed,2700000,completed,2023-01-09
Assassin Roommate,Monica Gallagher,Romance,Completed,3800000,completed,2023-01-09
Big Jo,Jungle Julia,Romance,Completed,5600000,completed,2023-01-09
Apocalyptic Horseplay,Boredman,Supernatural,Completed,1300000,completed,2023-01-09
Live Forever,Raúl Trevino,Thriller,Completed,852656,completed,2023-01-09
Warning Label,Thomas F. Zahler,Romance,Completed,461920,completed,2023-01-09
Dragnarok,KPJ / Magmi,Fantasy,Completed,448730,completed,2023-01-09
Illustrated Internet,Dami Lee,Comedy,Completed,676111,completed,2023-01-09
10th Dimension Boys,Cutbu,Comedy,Completed,845550,completed,2023-01-09
Skye,Cynthia J.S.,Fantasy,Completed,620914,completed,2023-01-09
Elf & Warrior,AC Stuart / Victor Rosas II,Fantasy,Completed,2500000,completed,2023-01-09
Murrz,Murrz,Slice of life,Completed,22100000,completed,2023-01-09
Eternals: The 500 Year War,Marvel,Superhero,Completed,69765,completed,2023-01-09
DON'T HATE,Pink_Alien,Comedy,Completed,4300000,completed,2023-01-09
Waffles & Pancakes,DT Saranya,Slice of life,Completed,9000000,completed,2023-01-09
Wolfsbane,Ryan Cady / Morgan Beem,Horror,Completed,156739,completed,2023-01-09
My Name is Benny,Sokomin,Slice of life,Completed,4600000,completed,2023-01-09
Cat Loaf Adventures,kyutepastry,Slice of life,Completed,2200000,completed,2023-01-09
HAPI BUNI,Ryan Pagelow,Comedy,Completed,2800000,completed,2023-01-09
A Budgie's Life,Muffin Girl,Slice of life,Completed,7400000,completed,2023-01-09
Catharsis,Ahniki,Fantasy,Completed,3300000,completed,2023-01-09
Dragnarok: Descendants,KPJ / Magmi,Fantasy,Completed,356802,completed,2023-01-09
April Flowers,ccustard,Fantasy,Completed,1300000,completed,2023-01-09
Hellper,SAKK,Fantasy,Completed,1100000,completed,2023-01-09
How to Love,Dorris McComics,Slice of life,Completed,676477,completed,2023-01-09
Your Adventure,Chris McCoy,Comedy,Completed,167038,completed,2023-01-09
Subtle Disaster,SUNGHO AN,Drama,Completed,198990,completed,2023-01-09
LESSA,POGO,Action,Completed,575925,completed,2023-01-09
The Masked Fables,Ebae Kim,Fantasy,Completed,538945,completed,2023-01-09
Supersonic Girl,Sandra Diaz,Superhero,Completed,663264,completed,2023-01-09
American Road Trip,Patrick Flores-Scott / Little Corvus,Drama,Completed,348885,completed,2023-01-09
As Per Usual,Dami Lee,Slice of life,Completed,9700000,completed,2023-01-09
Saphie: The One-Eyed Cat,joho,Slice of life,Completed,11900000,completed,2023-01-09
Soul on Hold,Austen Marie,Supernatural,Completed,1300000,completed,2023-01-09
Cupid's Arrows,Thomas F. Zahler,Romance,Completed,501450,completed,2023-01-09
The Sound of Your Heart,Cho Seok,Comedy,Completed,2300000,completed,2023-01-09
Staying Healthy Together,Various Artists,Informative,Completed,1600000,completed,2023-01-09
Messenger,Paul Tobin / Ray Nadine,Fantasy,Completed,730966,completed,2023-01-09
Just for Kicks,Josie Fox,Slice of life,Completed,2500000,completed,2023-01-09
Bite Me,AffectedMind,Thriller,Completed,1400000,completed,2023-01-09
Dents,Beth Behrs & Matt Doyle / Sid Kotian,Sci-fi,Completed,875314,completed,2023-01-09
Lorna,Benji Nate,Slice of life,Completed,380963,completed,2023-01-09
LESSA 2 - The Crimson Knight,POGO,Action,Completed,858460,completed,2023-01-09
SIDEKICKS,IRON Shin,Superhero,Completed,769861,completed,2023-01-09
Smile Brush: My Old Pictures,waroo,Slice of life,Completed,353745,completed,2023-01-09
Guardians of the Video Game,Gasfard,Sci-fi,Completed,478341,completed,2023-01-09
Strawberry Seafoam,Bryan Golden,Fantasy,Completed,2200000,completed,2023-01-09
dustinteractive,Dustin Rogers,Comedy,Completed,8300000,completed,2023-01-09
New Normal: Class 8,Youngpaka,Drama,Completed,2800000,completed,2023-01-09
Skate!!! Fire 100,Mallowboo / Diggymungo,Sports,Completed,284232,completed,2023-01-09
S.I.D.,Sadaham,Supernatural,Completed,1900000,completed,2023-01-09
Sword Interval,Benjamin Fleuter,Supernatural,Completed,1600000,completed,2023-01-09
UnderPrin,smbryms,Supernatural,Completed,2800000,completed,2023-01-09
Brothers Bond,Kevin Grevioux / Ryan Benjamin,Action,Completed,161221,completed,2023-01-09
Haxor,Walter Ostlie,Sci-fi,Completed,197140,completed,2023-01-09
Magician,Serae Kim,Fantasy,Completed,2400000,completed,2023-01-09
Behind the GIFs,AC Stuart / Kat Swenski,Comedy,Completed,8600000,completed,2023-01-09
Metaphorical HER,James Maddox / David Stoll,Drama,Completed,184699,completed,2023-01-09
Shard,echorise,Supernatural,Completed,945654,completed,2023-01-09
Girls Have a Blog,Sarah Bollinger / Tara Kurtzhals,Slice of life,Completed,709733,completed,2023-01-09
Pacific Rim: Amara,Cavan Scott / Zhang Ran / BigN,Sci-fi,Completed,86831,completed,2023-01-09
Sithrah,Jason Brubaker,Fantasy,Completed,273369,completed,2023-01-09
MercWorks,David J Catman,Slice of life,Completed,523919,completed,2023-01-09
Cooking Comically,Tyler Capps,Informative,Completed,296936,completed,2023-01-09
Ghosts Among the Wild Flowers,Ghost Wintersnow,Fantasy,Completed,466459,completed,2023-01-09
Fantasy Sketch - The Game,Jaekyeong Um / Beom Sick Cheon,Sci-fi,Completed,100758,completed,2023-01-09
Davinchibi,Camilla d’Errico / Stephen W. Martin,Fantasy,Completed,77796,completed,2023-01-09
Heroine Chic,David Tischman / Audrey Mok,Superhero,Completed,928740,completed,2023-01-09
Power Ballad,Molly Brooks,Superhero,Completed,103893,completed,2023-01-09
Illusions of Adulting,Sara Zimmerman/Unearthed Comics,Slice of life,Completed,169101,completed,2023-01-09
All That You Are,Brayden Sato,Drama,Completed,101745,completed,2023-01-09
Gepetto,Jewon Yeon,Sci-fi,Completed,725005,completed,2023-01-09
Aisopos,Yangsoo Kim / Dogado,Drama,Completed,288714,completed,2023-01-09
Magical 12th Graders,seri / Biwan,Superhero,Completed,593273,completed,2023-01-09
Under the Aegis,VIMEDDIEE,Fantasy,Completed,566691,completed,2023-01-09
All That We Hope to Be,it sun,Slice of life,Completed,207895,completed,2023-01-09
Westwood Vibrato,Inwan Youn / Sunhee Kim,Drama,Completed,202882,completed,2023-01-09
A Bittersweet Life,Donggeon Lee,Slice of life,Completed,447761,completed,2023-01-09
My Kitty and Old Dog,cho,Slice of life,Completed,943824,completed,2023-01-09
Aura from Another Planet,Kyusam Kim,Comedy,Completed,277104,completed,2023-01-09
2015: Space Series,Various Artists,Sci-fi,Completed,66550,completed,2023-01-09
Library Ghost,Mikey Heller,Comedy,Completed,278588,completed,2023-01-09
FAMILY MAN,Pillwon Jung,Drama,Completed,140050,completed,2023-01-09
Midnight Rhapsody,Wony / Yoonsoo Sim,Slice of life,Completed,122945,completed,2023-01-09
ㄴㅇㄹㅇㄴㄹ,LOZOLZ,Informative,Completed,267263,completed,2023-01-09
Denma,Youngsoon Yang,Sci-fi,Completed,2800000,completed,2023-01-09
Thornstone,Vicente Miranda,Fantasy,Completed,598151,completed,2023-01-09
The Red Hook: Blackout & PTSD,Dean Haspiel,Superhero,Completed,21766,completed,2023-01-09
ROB,Richard Dinnick / Magda Price & Miguel Sepulveda,Fantasy,Completed,63844,completed,2023-01-09
WEBTOON GREENLiGHT,WEBTOON / Various Artists,Fantasy,Completed,3300000,completed,2023-01-09
Falling in the Blue,SimzArt,Sci-fi,Completed,135647,completed,2023-01-09
The Red Hook: STARCROSS,Dean Haspiel,Superhero,Completed,21462,completed,2023-01-09
The Red Hook: War Cry,Dean Haspiel,Superhero,Completed,43261,completed,2023-01-09
The Red Hook,Dean Haspiel,Superhero,Completed,55031,completed,2023-01-09
Lunarbaboon,Lunarbaboon,Slice of life,Completed,4700000,completed,2023-01-09
XINK3R,CHU KWON,Superhero,Completed,662576,completed,2023-01-09
Varsity Noir,Kate Glasheen,Mystery,Completed,187802,completed,2023-01-09
Doodle for Food,Megan McKay,Slice of life,Completed,3600000,completed,2023-01-09
Acursian,John Barrowman / Carole Barrowman and Erika Lewis,Supernatural,Completed,35743,completed,2023-01-09
Spirits,Joseph Grabowski / Colin Lawler,Fantasy,Completed,162924,completed,2023-01-09
New Life Project,Cherng,Comedy,Completed,75171,completed,2023-01-09
Firebrand,Jessica Chobot& Erika Lewis / Claudia Aguirre,Supernatural,Completed,310601,completed,2023-01-09
Heartwired,Rod Hannah / stratosmacca,Sci-fi,Completed,208812,completed,2023-01-09
Caster,Common / Noble Transmission,Action,Completed,73869,completed,2023-01-09
Alice Elise,Nicky Soh,Fantasy,Completed,134446,completed,2023-01-09
Aphrodite IX,Matt Hawkins / Stjepan Sejic,Sci-fi,Completed,161279,completed,2023-01-09
Eat Fighter,Crystal Skillman / Fred Van Lente / Fernando Pinto,Sports,Completed,69898,completed,2023-01-09
Shadow Pirates, Sean Galloway / ​ Ian Hopps / Leonel Castellani,Fantasy,Completed,51395,completed,2023-01-09
1000,Chuck Brown / Sanford Greene,Action,Completed,81252,completed,2023-01-09
FINALITY,Warren Ellis / Colleen Doran,Mystery,Completed,23774,completed,2023-01-09
Trash Bird,Reza Farazmand,Comedy,Completed,1100000,completed,2023-01-09
Cyberbunk,Bradley Mason / SCE,Sci-fi,Completed,149838,completed,2023-01-09
Average Adventures of an Average Girl,lallirrr,Slice of life,Completed,597184,completed,2023-01-09
Polidiocy,Mahoney & Akel / Ryan Dunlavey,Comedy,Completed,75207,completed,2023-01-09
Nicholalala,Nichola Gwon,Slice of life,Completed,187100,completed,2023-01-09
Faust,Arechan,Supernatural,Completed,599558,completed,2023-01-09
Roar Street Journal,Bonnie Pang,Slice of life,Completed,1000000,completed,2023-01-09
MOONBEARD,James Squires,Comedy,Completed,406853,completed,2023-01-09
Hello World!,Alex Norris,Slice of life,Completed,172060,completed,2023-01-09
RANDOMPHILIA,Devin Bosco Le,Comedy,Completed,1100000,completed,2023-01-09
The Gentleman’s Armchair,Wes,Comedy,Completed,301179,completed,2023-01-09
Inarime,Maria Riccio / Tommaso Bennato,Superhero,Completed,121611,completed,2023-01-09
The DaneMen,David Danemen,Comedy,Completed,466828,completed,2023-01-09
Penguin Loves Mev,Penguin,Slice of life,Completed,330620,completed,2023-01-09
Immortal Nerd,Hanna-Pirita Lehkonen,Slice of life,Completed,177340,completed,2023-01-09
Knight Run,Sungmin Kim,Sci-fi,Completed,168038,completed,2023-01-09
Jackie Rose,Josh Ulrich,Supernatural,Completed,226119,completed,2023-01-09
1111 Animals,1111,Comedy,Completed,262440,completed,2023-01-09
The Purple Heart,Vito Delsante / Ricardo Venâncio,Superhero,Completed,50387,completed,2023-01-09
Pigminted,Le Brown,Slice of life,Completed,238604,completed,2023-01-09
The Brooklynite,Seth Kushner / Shamus Beyale,Superhero,Completed,33698,completed,2023-01-09
Lars,The Awkward Yeti,Slice of life,Completed,309791,completed,2023-01-09
City of Walls,A.K. Lovelace / Shaun Noel,Drama,Completed,20731,completed,2023-01-09
Cluster Fudge,John McNamee,Slice of life,Completed,247572,completed,2023-01-09
BuzzFeed Comics,BuzzFeed Comics,Comedy,Completed,832482,completed,2023-01-09
Up and Out ,Julia Kaye,Slice of life,Completed,562248,completed,2023-01-09
Tickle Town,Ardtron / GNICE,Comedy,Completed,117583,completed,2023-01-09
3-Second Strip,Bae Jin-Soo,Comedy,Completed,835174,completed,2023-01-09
Helios:Femina,Michelle Phan,Fantasy,Completed,302422,completed,2023-01-09
Cyberforce,Top Cow Productions,Superhero,Completed,55533,completed,2023-01-09
National Dog Day 2016,Various Artists,Slice of life,Completed,186853,completed,2023-01-09
Cyko-KO,Robert Feldman,Superhero,Completed,8893,completed,2023-01-09
Midnight Rhapsody : Season 2,Wony / Yoonsoo Sim,Slice of life,Completed,104115,completed,2023-01-09
Just Ask Yuli,Yulius Efferven,Slice of life,Completed,29966,completed,2023-01-09
The Life of the Three Bears,Mr.D,Slice of life,Completed,54121,completed,2023-01-09
Jingle Jungle,Yongjin Kim,Slice of life,Completed,52465,completed,2023-01-09
Epic V,Ardtron / GNICE,Comedy,Completed,20392,completed,2023-01-09
